Customer ID,first_name,last_name,email,Gender,Phone,Address
1,Esra,Spohr,espohr0@alexa.com,Male,871-438-3702,355 Melvin Hill
2,Marylinda,Naismith,mnaismith1@tripadvisor.com,Female,811-857-7876,0 Moulton Place
3,Myrvyn,Rottery,mrottery2@fotki.com,Male,322-400-0353,16 Hagan Road
4,Wallie,Posnette,wposnette3@businessinsider.com,Male,916-557-3964,15062 Sunnyside Trail
5,Suzann,Bullen,sbullen4@naver.com,Female,987-172-7248,274 Lillian Terrace
6,Horace,Darwin,hdarwin5@un.org,Male,643-370-9817,07 Dunning Parkway
7,Nickola,Thorius,nthorius6@livejournal.com,Male,654-460-8518,413 Novick Lane
8,Nerte,Round,nround7@nyu.edu,Female,388-989-7919,54 Cascade Circle
9,Dorolice,D'Antuoni,ddantuoni8@linkedin.com,Non-binary,536-450-4089,74 Canary Lane
10,Brigitte,McManus,bmcmanus9@ibm.com,Female,192-575-0987,4 Spenser Place
11,Cecilla,Marshalleck,cmarshallecka@economist.com,Female,319-238-3792,77 2nd Court
12,Terrance,Priden,tpridenb@omniture.com,Male,170-793-7257,95959 Daystar Terrace
13,Darrin,Shotboulte,dshotboultec@histats.com,Male,905-524-2756,67928 Bayside Alley
14,Gaven,Kinver,gkinverd@themeforest.net,Male,155-346-2232,75781 Cardinal Terrace
15,Jacenta,De La Salle,jdelasallee@technorati.com,Female,860-957-0195,42 Magdeline Parkway
16,Xavier,Treher,xtreherf@comsenz.com,Male,190-505-7284,90523 Jana Drive
17,Mead,Belton,mbeltong@angelfire.com,Female,497-729-8274,2058 Fuller Point
18,Mannie,Peascod,mpeascodh@omniture.com,Male,531-476-5186,3368 Londonderry Way
19,Tobit,Veldstra,tveldstrai@clickbank.net,Male,618-168-8811,2845 Mosinee Lane
20,Base,Frissell,bfrissellj@eventbrite.com,Male,409-767-5402,9 Golf Course Plaza
21,Marci,Pulver,mpulverk@stanford.edu,Female,809-312-2470,7597 Pearson Place
22,Towny,Bellringer,tbellringerl@163.com,Male,583-995-1040,601 Montana Drive
23,Eleanore,Kanter,ekanterm@com.com,Female,974-442-2788,8 Northwestern Crossing
24,Shay,Blue,sbluen@tmall.com,Genderqueer,354-495-1441,6664 Melrose Avenue
25,Patrizio,Di Boldi,pdiboldio@histats.com,Male,252-106-9784,19062 Lotheville Court
26,Selena,MacSkeagan,smacskeaganp@360.cn,Female,622-789-9379,17711 Becker Center
27,Winona,Brabbins,wbrabbinsq@walmart.com,Female,682-512-4562,4 Golf Course Drive
28,Rheba,Ferras,rferrasr@desdev.cn,Female,108-561-7030,11177 Forest Street
29,Regan,Rapinett,rrapinetts@angelfire.com,Male,312-222-7114,264 Mcbride Street
30,Bobbye,Symes,bsymest@reddit.com,Female,543-853-6047,71 Moulton Way
31,Ulrike,Ismay,uismayu@mlb.com,Female,573-201-9612,34527 Mallard Crossing
32,Penn,Uren,purenv@gmpg.org,Male,433-512-8215,2 Cascade Crossing
33,Nolana,Manicomb,nmanicombw@xing.com,Female,738-773-2883,520 Sachtjen Road
34,Delbert,Belshaw,dbelshawx@angelfire.com,Male,531-861-8695,07901 Delaware Junction
35,Kimmy,O'Beirne,kobeirney@wired.com,Female,342-165-1203,846 Miller Lane
36,Samara,Cadge,scadgez@yale.edu,Female,471-589-0047,62 Mosinee Avenue
37,Reginald,Jurzyk,rjurzyk10@cpanel.net,Male,188-524-5068,1 Crownhardt Parkway
38,Hunfredo,McAlinden,hmcalinden11@comsenz.com,Male,615-388-6257,66845 Sauthoff Lane
39,Alena,Fogarty,afogarty12@t.co,Female,742-548-6551,54889 Green Ridge Alley
40,Hilliard,Surphliss,hsurphliss13@printfriendly.com,Genderqueer,303-611-7289,0 Barnett Point
41,Marcus,McGlew,mmcglew14@biblegateway.com,Male,566-791-2664,40 Roth Place
42,Romola,Lackney,rlackney15@youtube.com,Female,532-594-6665,84363 Kings Street
43,Abagael,Pavlasek,apavlasek16@imdb.com,Female,634-722-4457,4 Basil Way
44,Colet,Rumbold,crumbold17@typepad.com,Male,185-782-6731,816 Becker Center
45,Debor,Beere,dbeere18@nyu.edu,Female,831-567-0096,0368 Anthes Point
46,Troy,Abthorpe,tabthorpe19@eepurl.com,Male,131-332-6407,5 Goodland Trail
47,Reta,Rupprecht,rrupprecht1a@diigo.com,Female,426-745-4700,01 Logan Junction
48,Port,Stenbridge,pstenbridge1b@usa.gov,Male,201-842-6979,504 Golden Leaf Hill
49,Shirlene,Brunn,sbrunn1c@discovery.com,Female,420-781-4845,78 Oriole Park
50,Eric,Pendleberry,ependleberry1d@weibo.com,Non-binary,766-178-1313,8554 Carioca Hill
51,Anders,Townes,atownes1e@symantec.com,Male,193-827-2502,77686 Kennedy Lane
52,Wesley,Organer,worganer1f@biglobe.ne.jp,Male,717-314-8095,89 Drewry Plaza
53,Ebeneser,Lount,elount1g@smugmug.com,Male,668-304-6970,93046 Northfield Junction
54,Dougie,Grogona,dgrogona1h@cocolog-nifty.com,Male,236-662-1637,33 Sugar Trail
55,Samantha,Hatrey,shatrey1i@trellian.com,Female,691-936-6316,9389 Roth Court
56,Galen,Caslin,gcaslin1j@phpbb.com,Male,262-703-6863,735 Continental Terrace
57,Werner,Swindles,wswindles1k@howstuffworks.com,Male,733-132-6073,02744 Londonderry Center
58,Ambros,Semaine,asemaine1l@oracle.com,Male,933-120-4621,3 Roth Circle
59,Valry,McPherson,vmcpherson1m@themeforest.net,Female,937-846-3192,151 Heffernan Road
60,Zechariah,McAdam,zmcadam1n@shop-pro.jp,Male,457-347-0923,241 Algoma Center
61,Oralie,Lavington,olavington1o@mapquest.com,Female,581-429-1610,3928 Marcy Terrace
62,Abbie,Mathely,amathely1p@privacy.gov.au,Female,549-106-7004,190 Eggendart Street
63,Merissa,Sebborn,msebborn1q@ycombinator.com,Female,618-738-1476,6144 Banding Trail
64,Deeyn,Shillington,dshillington1r@google.fr,Female,265-759-5541,2 Blackbird Place
65,Jermayne,Blaske,jblaske1s@fotki.com,Non-binary,236-462-4641,578 Katie Lane
66,Gunar,Pennock,gpennock1t@soup.io,Male,535-231-8013,22022 Wayridge Pass
67,Ame,Works,aworks1u@hibu.com,Female,435-872-0351,9 Novick Drive
68,Kania,Sherwyn,ksherwyn1v@adobe.com,Female,237-526-3266,916 Scofield Circle
69,Larry,Best,lbest1w@home.pl,Male,481-695-3934,034 Muir Avenue
70,Herschel,Abell,habell1x@forbes.com,Male,937-527-4150,17 Shoshone Alley
71,Ansell,Pidwell,apidwell1y@reverbnation.com,Male,561-374-7017,4 Gateway Drive
72,Dyanne,Girling,dgirling1z@newyorker.com,Female,475-775-6073,24 Quincy Hill
73,Rayna,Matyatin,rmatyatin20@cmu.edu,Female,834-303-9346,61 Boyd Street
74,Johan,Kobera,jkobera21@last.fm,Male,895-818-0591,3864 6th Alley
75,Mic,Roddick,mroddick22@usnews.com,Male,782-547-2706,12063 Westridge Terrace
76,Heywood,Downing,hdowning23@alibaba.com,Male,263-272-4456,4883 Stephen Avenue
77,Elnar,McCrory,emccrory24@google.com,Male,558-431-4482,65463 Becker Junction
78,Mar,Adamczewski,madamczewski25@hc360.com,Male,394-303-0149,202 Washington Drive
79,Dante,Harmon,dharmon26@networksolutions.com,Male,103-947-4235,4777 Carberry Plaza
80,Duke,Martinuzzi,dmartinuzzi27@java.com,Non-binary,292-166-3448,52537 1st Court
81,Gardner,Forrestill,gforrestill28@economist.com,Male,870-290-7004,2 Shelley Center
82,Jyoti,Denning,jdenning29@w3.org,Female,883-417-7659,529 Sachtjen Center
83,Janetta,Najara,jnajara2a@nifty.com,Female,281-882-3211,025 Bellgrove Circle
84,Athena,Biggin,abiggin2b@marriott.com,Female,255-540-8261,19799 Hanover Circle
85,Jen,Rogge,jrogge2c@bloglines.com,Female,470-380-5551,34903 Texas Center
86,Carlin,Brunsdon,cbrunsdon2d@merriam-webster.com,Male,433-662-7834,95 Mcguire Crossing
87,Ronald,Langford,rlangford2e@wunderground.com,Male,892-341-5244,6 Dennis Plaza
88,Arlinda,Hutchens,ahutchens2f@dion.ne.jp,Female,915-856-9000,2 Kenwood Avenue
89,Livia,Hatton,lhatton2g@storify.com,Non-binary,836-844-6327,9701 Donald Point
90,Evan,Napier,enapier2h@vimeo.com,Genderqueer,122-660-0878,9792 Bobwhite Point
91,Catlee,Garrould,cgarrould2i@narod.ru,Female,543-114-5444,0 Westerfield Trail
92,Audre,Gruszka,agruszka2j@weibo.com,Female,290-518-4086,83 Evergreen Place
93,Jessi,Lacer,jlacer2k@php.net,Non-binary,401-979-7014,0 Sachtjen Alley
94,Robinette,Fishbourne,rfishbourne2l@google.it,Female,108-861-0708,9 Crownhardt Pass
95,Enriqueta,Ledford,eledford2m@list-manage.com,Female,927-720-4182,45633 Ramsey Court
96,Bendick,Youell,byouell2n@seesaa.net,Male,210-233-6121,653 Fuller Park
97,Roxi,Labon,rlabon2o@vistaprint.com,Female,759-991-9355,6828 Nova Crossing
98,Laurette,Goodinge,lgoodinge2p@sina.com.cn,Female,683-587-2118,209 Atwood Circle
99,Helen,Gadman,hgadman2q@deliciousdays.com,Female,315-313-2502,83 Arapahoe Avenue
100,Evangelia,Hendrickx,ehendrickx2r@unicef.org,Female,893-714-1902,9122 Center Street
101,Karie,Cruces,kcruces2s@berkeley.edu,Female,613-925-9500,2357 Killdeer Point
102,Ichabod,Acors,iacors2t@nsw.gov.au,Male,975-122-3759,31 Kropf Place
103,Rooney,Heindrick,rheindrick2u@biblegateway.com,Genderfluid,111-832-1288,91 Porter Lane
104,Alidia,Knell,aknell2v@telegraph.co.uk,Female,753-797-2882,6 Crescent Oaks Pass
105,Adaline,Wiffill,awiffill2w@ifeng.com,Non-binary,563-322-7951,356 Heath Hill
106,Reed,Oldridge,roldridge2x@tumblr.com,Male,189-835-8254,94720 Sachs Way
107,Niven,Wybron,nwybron2y@walmart.com,Non-binary,167-822-8251,4 Ruskin Circle
108,Briano,Mallan,bmallan2z@google.it,Male,109-445-2975,6452 Oriole Way
109,Whitney,Forward,wforward30@storify.com,Female,735-727-0001,6 Parkside Drive
110,Gwendolyn,Andreev,gandreev31@tumblr.com,Non-binary,511-163-4409,261 Garrison Plaza
111,Ely,Havick,ehavick32@i2i.jp,Male,129-885-5126,28 Sommers Alley
112,Eyde,Hatherley,ehatherley33@github.io,Female,792-732-7570,46 Express Crossing
113,Trent,Pimmocke,tpimmocke34@devhub.com,Male,813-808-4294,37709 Bayside Crossing
114,Mable,Stubbins,mstubbins35@angelfire.com,Female,501-680-5062,5 Browning Terrace
115,Kori,Hinsche,khinsche36@php.net,Female,343-599-8393,057 Buell Place
116,Broddy,Merington,bmerington37@hubpages.com,Male,774-414-2467,79303 Orin Plaza
117,Odille,Saxton,osaxton38@posterous.com,Female,859-874-7807,8 Derek Hill
118,Galvan,Andre,gandre39@ycombinator.com,Male,296-967-2273,89902 Iowa Way
119,Doria,Sandall,dsandall3a@linkedin.com,Female,105-557-2194,442 Havey Alley
120,Frayda,Janko,fjanko3b@comsenz.com,Female,177-747-0584,97 Carberry Plaza
121,Delano,Derricoat,dderricoat3c@forbes.com,Male,870-136-4111,1030 Brentwood Parkway
122,Ealasaid,Slaten,eslaten3d@cornell.edu,Female,254-166-3271,0 Waywood Way
123,Vally,Williment,vwilliment3e@unesco.org,Female,202-834-2760,94 Jay Lane
124,Tobye,Growy,tgrowy3f@devhub.com,Female,400-820-3671,4 3rd Terrace
125,Libbey,Eldredge,leldredge3g@taobao.com,Female,469-320-1960,6 Fallview Road
126,Carolyn,Masdon,cmasdon3h@creativecommons.org,Female,195-555-9311,2325 Michigan Hill
127,Frazier,Rayer,frayer3i@smh.com.au,Male,655-991-4679,02 Bobwhite Way
128,Chance,Brice,cbrice3j@angelfire.com,Male,398-431-3533,76 South Court
129,Barney,Spurr,bspurr3k@bluehost.com,Male,806-648-7565,90217 Bultman Drive
130,Tammie,Greaterex,tgreaterex3l@goo.gl,Female,689-849-4531,82848 Hayes Court
131,Violette,Bortoletti,vbortoletti3m@flickr.com,Genderfluid,800-198-8199,5322 Fulton Lane
132,Janey,Driffill,jdriffill3n@discuz.net,Female,146-441-0317,1 Packers Pass
133,Steffen,MacEllen,smacellen3o@adobe.com,Male,693-145-3106,5 Ohio Parkway
134,Randi,Litel,rlitel3p@ibm.com,Female,983-488-6092,06 Elka Point
135,Raven,Braganca,rbraganca3q@quantcast.com,Female,414-960-9437,1 Nova Avenue
136,Trenna,Kestin,tkestin3r@aboutads.info,Female,932-283-0541,7968 Redwing Road
137,Hugh,Dacke,hdacke3s@tamu.edu,Male,950-919-5024,4 Dwight Place
138,Harmony,Dauby,hdauby3t@dyndns.org,Female,226-949-0187,8765 Northview Place
139,Danie,Allin,dallin3u@hud.gov,Male,924-801-1855,1 Westerfield Circle
140,Nevin,Sinkins,nsinkins3v@bloglines.com,Male,212-894-7587,39505 Schmedeman Point
141,Rayner,Jonin,rjonin3w@ameblo.jp,Male,747-370-8016,30304 Bayside Trail
142,Sven,Bednell,sbednell3x@moonfruit.com,Non-binary,758-845-4249,27 5th Drive
143,Loise,Veneur,lveneur3y@ibm.com,Female,553-890-6620,2 Lyons Road
144,Moll,Cooksey,mcooksey3z@purevolume.com,Female,853-760-7096,9387 Anhalt Junction
145,Cecily,Johansen,cjohansen40@java.com,Female,512-800-0872,10 Jenna Pass
146,Omar,Trowsdale,otrowsdale41@netvibes.com,Male,698-524-4529,579 Nova Center
147,Rube,Feasby,rfeasby42@examiner.com,Male,282-914-5989,45 Maywood Road
148,Zenia,O'Hingerty,zohingerty43@indiatimes.com,Female,286-975-8937,60993 Dwight Park
149,Raeann,Poskitt,rposkitt44@umich.edu,Female,654-753-2487,48 Victoria Parkway
150,Kellen,Banane,kbanane45@mtv.com,Male,723-252-8707,6164 Fulton Place
151,Cello,Farr,cfarr46@digg.com,Male,859-183-3319,79498 Doe Crossing Parkway
152,Hasheem,Jeacock,hjeacock47@disqus.com,Male,457-927-8853,7 Golf Course Road
153,Emilio,O'Doherty,eodoherty48@redcross.org,Male,149-422-4569,79 Autumn Leaf Way
154,Andromache,Putnam,aputnam49@liveinternet.ru,Female,669-665-6742,9474 Blue Bill Park Park
155,Matthew,Hecks,mhecks4a@usda.gov,Male,311-623-0293,096 Gina Hill
156,Paulette,Dwire,pdwire4b@yale.edu,Female,372-140-9568,09633 Boyd Avenue
157,Nananne,Attersoll,nattersoll4c@i2i.jp,Female,360-209-0210,088 Dixon Trail
158,Archibald,Arlt,aarlt4d@nifty.com,Male,535-752-8250,3 Westport Lane
159,Jasmine,Sherborne,jsherborne4e@boston.com,Non-binary,131-247-1896,5631 Declaration Terrace
160,Robert,Jurkowski,rjurkowski4f@qq.com,Male,915-673-2806,8 Summerview Park
161,Jewell,Huckin,jhuckin4g@amazonaws.com,Female,617-364-5589,102 Oak Valley Plaza
162,Olimpia,Yurmanovev,oyurmanovev4h@thetimes.co.uk,Female,405-585-7128,70 Del Mar Circle
163,Sheila,Copcutt,scopcutt4i@japanpost.jp,Female,826-636-1550,02 Autumn Leaf Drive
164,Ophelia,Elfitt,oelfitt4j@cnn.com,Female,393-192-7778,54 Ronald Regan Parkway
165,Hortense,Boath,hboath4k@yale.edu,Female,285-321-1436,611 Commercial Place
166,Ashby,Rushforth,arushforth4l@dailymail.co.uk,Male,555-349-6917,7122 Twin Pines Place
167,Alvy,Alfwy,aalfwy4m@smugmug.com,Male,858-601-9992,518 Utah Plaza
168,Dennison,Mussington,dmussington4n@imageshack.us,Male,749-851-9086,785 Sullivan Lane
169,Bastian,Bradnam,bbradnam4o@artisteer.com,Male,788-659-2764,2 Helena Pass
170,Sharla,Pennicott,spennicott4p@oaic.gov.au,Female,973-808-2269,9783 Tennyson Court
171,Charlean,Millier,cmillier4q@people.com.cn,Female,774-864-5847,821 Johnson Drive
172,Ode,Briat,obriat4r@google.ru,Male,467-266-9427,7245 Comanche Avenue
173,Selby,Yurtsev,syurtsev4s@npr.org,Male,315-994-1789,10 Claremont Drive
174,Nollie,Nutman,nnutman4t@etsy.com,Male,519-315-0024,6 Debra Park
175,Garry,Juanes,gjuanes4u@comsenz.com,Male,376-843-9050,2 Crescent Oaks Park
176,Audi,Southall,asouthall4v@toplist.cz,Bigender,186-368-6615,9134 Ronald Regan Point
177,Gabbi,Drews,gdrews4w@usnews.com,Female,397-287-5043,5 Main Point
178,Jed,Walas,jwalas4x@nyu.edu,Male,592-966-3528,2883 Kinsman Way
179,Bryanty,Bartomieu,bbartomieu4y@statcounter.com,Male,661-985-5435,44371 Carberry Trail
180,Amye,Simon,asimon4z@symantec.com,Female,885-610-6252,10 Butterfield Lane
181,Mathe,Giacopelo,mgiacopelo50@multiply.com,Male,971-330-5691,1 Prairie Rose Crossing
182,Nanni,Iamittii,niamittii51@umich.edu,Female,786-487-3140,6 Mendota Drive
183,Chuck,Basire,cbasire52@networkadvertising.org,Male,434-378-5168,6 Hovde Crossing
184,Gerrie,Twelves,gtwelves53@abc.net.au,Male,327-625-3876,2236 Buhler Pass
185,Drona,Sturdy,dsturdy54@delicious.com,Female,924-413-0957,03011 Cherokee Parkway
186,Silvia,Konmann,skonmann55@chron.com,Female,747-948-5462,79347 Drewry Drive
187,Seymour,Trayford,strayford56@ox.ac.uk,Male,865-959-7990,40367 Anniversary Street
188,Dorice,Lauritsen,dlauritsen57@ifeng.com,Female,260-796-6129,2133 Anderson Street
189,Sianna,Pocklington,spocklington58@walmart.com,Female,157-155-5683,655 Huxley Alley
190,Ellswerth,Browell,ebrowell59@japanpost.jp,Male,516-306-9837,4084 Kensington Terrace
191,Christabella,Hoston,choston5a@census.gov,Female,937-703-9625,60005 Division Road
192,Leticia,Northwood,lnorthwood5b@nytimes.com,Female,821-853-3676,61 Mifflin Center
193,Antonino,Chadd,achadd5c@state.gov,Male,837-145-8183,1 Sage Alley
194,Blondy,Snelgar,bsnelgar5d@usnews.com,Female,954-451-3178,815 Clarendon Place
195,Bo,Ancliffe,bancliffe5e@goo.gl,Male,219-436-2178,32 Leroy Junction
196,Jehanna,Di Domenico,jdidomenico5f@symantec.com,Female,329-782-6369,6 Mallory Road
197,Shelby,O'Donohue,sodonohue5g@noaa.gov,Female,106-720-3381,12 Chinook Road
198,Meredith,Jemison,mjemison5h@twitpic.com,Female,140-213-5322,51 Morrow Trail
199,Ivor,Mariaud,imariaud5i@youtube.com,Male,209-819-8497,642 Vermont Parkway
200,Erinna,Batie,ebatie5j@nytimes.com,Female,643-375-2677,2 Linden Place
201,Lindi,Mitten,lmitten5k@stanford.edu,Female,728-825-3952,7411 Walton Trail
202,Rance,Cooley,rcooley5l@booking.com,Male,350-430-7877,86 Becker Trail
203,Ephraim,Rawson,erawson5m@feedburner.com,Male,243-262-3858,2 Manufacturers Lane
204,Marve,Bagot,mbagot5n@over-blog.com,Male,305-603-8383,60 Bobwhite Park
205,Gaylene,Sylvaine,gsylvaine5o@dell.com,Non-binary,640-963-5553,30 Fisk Road
206,Mortimer,Cornillot,mcornillot5p@com.com,Male,313-634-7989,546 Mendota Road
207,Nicolai,Train,ntrain5q@vistaprint.com,Male,334-768-6782,8 Graedel Avenue
208,Emmerich,Howett,ehowett5r@topsy.com,Male,802-964-7792,39450 Nelson Hill
209,Hoebart,Welling,hwelling5s@bluehost.com,Male,488-860-5239,3 Anniversary Parkway
210,Cindelyn,Dupree,cdupree5t@state.tx.us,Female,195-691-9888,613 Hazelcrest Center
211,Annnora,Dalling,adalling5u@jimdo.com,Female,964-324-7693,340 Forest Street
212,Renee,Pykett,rpykett5v@1688.com,Female,916-344-0006,6 Anhalt Point
213,Kayley,Coucher,kcoucher5w@nbcnews.com,Female,998-460-4611,0365 Dryden Parkway
214,Mata,Craigmyle,mcraigmyle5x@tamu.edu,Male,807-142-6362,1402 Park Meadow Parkway
215,Arel,Trahair,atrahair5y@opera.com,Male,684-503-0084,2 Golf Course Court
216,Sophronia,Leishman,sleishman5z@pbs.org,Female,665-708-0862,784 Continental Road
217,Tiffi,Garwell,tgarwell60@mashable.com,Female,314-674-1708,668 Petterle Parkway
218,Isac,Dawdry,idawdry61@lulu.com,Male,634-729-3251,869 Artisan Circle
219,Doll,Jervoise,djervoise62@nationalgeographic.com,Female,239-152-1609,32891 Coleman Road
220,Maribelle,Micco,mmicco63@dailymotion.com,Female,904-816-2556,61572 Tony Alley
221,Amandi,Aiers,aaiers64@google.de,Female,571-899-4344,88310 Green Ridge Place
222,Mildrid,Longdon,mlongdon65@icq.com,Female,474-752-9850,799 Grover Court
223,Kariotta,Geldard,kgeldard66@myspace.com,Female,789-239-6650,63 Division Circle
224,Alanson,Leal,aleal67@webeden.co.uk,Male,271-413-3844,73528 Memorial Terrace
225,Renard,Windrass,rwindrass68@youtube.com,Male,444-485-2908,4843 Ramsey Drive
226,Clifford,Presslee,cpresslee69@tumblr.com,Male,459-512-6797,7008 Anniversary Way
227,Renault,Manlow,rmanlow6a@seesaa.net,Male,219-260-9019,953 Independence Point
228,Win,Davidsohn,wdavidsohn6b@ucsd.edu,Male,944-730-2124,96 Farragut Pass
229,Bertie,Rhoddie,brhoddie6c@springer.com,Male,609-834-7623,04896 Claremont Junction
230,Karina,Haynes,khaynes6d@nps.gov,Female,832-376-2570,129 Tennessee Road
231,Adler,Strase,astrase6e@comcast.net,Bigender,228-642-7476,9189 Holy Cross Point
232,Layney,Fludgate,lfludgate6f@wiley.com,Agender,657-492-8568,23570 Northwestern Crossing
233,Jenna,Demonge,jdemonge6g@parallels.com,Female,948-705-3413,77723 Mandrake Place
234,Ede,Broy,ebroy6h@nbcnews.com,Female,340-532-5101,6286 Butternut Alley
235,Hillary,Mahy,hmahy6i@theatlantic.com,Male,162-104-4427,7523 Derek Trail
236,Lyon,Wesgate,lwesgate6j@soup.io,Male,670-870-1501,1 Harper Circle
237,Georgine,Saltmarsh,gsaltmarsh6k@youtu.be,Female,914-697-5810,2 Lawn Street
238,Jan,Phillippo,jphillippo6l@list-manage.com,Male,909-475-8860,25 Buell Parkway
239,Edyth,Servis,eservis6m@amazon.com,Female,306-976-7623,5965 Onsgard Park
240,Nikolas,Ayree,nayree6n@sohu.com,Male,482-980-9808,631 Harbort Court
241,Raychel,Villa,rvilla6o@gmpg.org,Female,802-231-7337,63 Nobel Pass
242,Derrik,Murrthum,dmurrthum6p@cnbc.com,Male,234-421-5996,0708 Vernon Drive
243,Abbot,Gilford,agilford6q@army.mil,Genderfluid,375-274-0255,0 Duke Trail
244,Gui,Mingardi,gmingardi6r@illinois.edu,Female,761-321-3575,06 Johnson Street
245,Kakalina,Lycett,klycett6s@ftc.gov,Female,208-801-2257,9 Burrows Plaza
246,Ban,Bradane,bbradane6t@wsj.com,Male,281-187-3257,37978 Crescent Oaks Place
247,Garrick,Van den Oord,gvandenoord6u@goodreads.com,Male,306-628-5479,823 South Parkway
248,Ree,Po,rpo6v@census.gov,Genderfluid,716-494-9559,1102 Londonderry Center
249,Lev,Fitzsymons,lfitzsymons6w@pbs.org,Non-binary,826-141-5563,4 Cody Park
250,Marjy,Tompkin,mtompkin6x@blinklist.com,Female,612-345-3689,02501 Kingsford Center
251,Nicki,Blasgen,nblasgen6y@washington.edu,Female,824-111-2197,677 Manitowish Trail
252,Ulberto,Chellingworth,uchellingworth6z@yelp.com,Bigender,581-517-8961,8 Straubel Avenue
253,Rurik,Battams,rbattams70@free.fr,Male,701-792-8040,72695 Norway Maple Court
254,Riordan,McReath,rmcreath71@nifty.com,Male,132-840-3650,8 Anniversary Trail
255,Jody,Grishin,jgrishin72@psu.edu,Female,175-476-5363,459 Holy Cross Center
256,Mirabel,Halden,mhalden73@amazon.co.jp,Female,259-664-7809,557 Cody Lane
257,Shandee,Sapena,ssapena74@mlb.com,Female,282-190-4642,332 Mcguire Drive
258,Jasun,Matijevic,jmatijevic75@wunderground.com,Male,234-665-8625,7936 Pearson Place
259,Lacy,Bicknell,lbicknell76@macromedia.com,Female,548-523-6537,35016 Commercial Drive
260,Carmon,Floweth,cfloweth77@hostgator.com,Female,324-455-5042,25 Bowman Avenue
261,Kathryn,O' Hanvey,kohanvey78@pen.io,Female,607-268-3864,17851 Bultman Terrace
262,Harman,Guisby,hguisby79@paypal.com,Male,593-427-8903,3 Warrior Road
263,Jacklin,Pretsel,jpretsel7a@acquirethisname.com,Female,617-259-7137,7 Elgar Circle
264,Simona,Affuso,saffuso7b@buzzfeed.com,Female,477-777-0106,2 Southridge Way
265,Dulcia,Tack,dtack7c@privacy.gov.au,Polygender,597-450-5947,03 Katie Terrace
266,Sioux,Bison,sbison7d@addthis.com,Female,589-755-2586,9997 Farmco Drive
267,Livvy,Devereu,ldevereu7e@squidoo.com,Bigender,552-342-9313,04 Eastwood Court
268,Annabell,Bourgaize,abourgaize7f@stumbleupon.com,Female,961-334-3645,467 Delladonna Drive
269,Loren,Ornillos,lornillos7g@phpbb.com,Genderqueer,872-503-6474,40707 Blackbird Circle
270,Angeli,Treffry,atreffry7h@ucoz.com,Male,143-607-6925,4755 Reinke Street
271,Rollie,Grgic,rgrgic7i@google.cn,Male,845-508-5069,39897 Derek Lane
272,Noellyn,Balk,nbalk7j@indiatimes.com,Female,536-439-4753,44560 Doe Crossing Crossing
273,Adan,Roscamps,aroscamps7k@cornell.edu,Female,270-604-8367,81 Schiller Plaza
274,Cody,Minihane,cminihane7l@multiply.com,Male,950-469-0970,9 Blue Bill Park Alley
275,Steven,Bridge,sbridge7m@columbia.edu,Male,480-264-5097,73 Sutherland Park
276,Finlay,Raiment,fraiment7n@usda.gov,Male,833-689-0069,45 Maple Crossing
277,Bernita,Le Houx,blehoux7o@edublogs.org,Female,645-331-7458,1 Redwing Street
278,Bev,Maudsley,bmaudsley7p@discuz.net,Male,119-740-0449,11226 Nova Street
279,Marigold,Matousek,mmatousek7q@homestead.com,Female,770-568-1100,727 Portage Point
280,Garvy,Towhey,gtowhey7r@people.com.cn,Male,837-495-5723,669 Del Mar Crossing
281,Brita,Miklem,bmiklem7s@upenn.edu,Female,522-535-7510,39602 Canary Circle
282,Emma,Sillis,esillis7t@boston.com,Female,735-767-8312,4686 Gina Court
283,Bertina,Carik,bcarik7u@ucoz.com,Female,172-358-0270,8854 Northridge Hill
284,Hendrick,Reynoollds,hreynoollds7v@cisco.com,Male,918-271-0622,310 Caliangt Crossing
285,Dino,Colling,dcolling7w@prweb.com,Male,444-793-2177,76480 Eggendart Lane
286,Wyndham,Ratt,wratt7x@zimbio.com,Male,355-639-6806,7146 Northfield Crossing
287,Daven,Issard,dissard7y@mit.edu,Male,244-970-1311,3 Magdeline Street
288,Kizzie,Gatehouse,kgatehouse7z@ox.ac.uk,Female,884-373-4664,89726 Summit Drive
289,Brnaba,Children,bchildren80@seattletimes.com,Male,971-743-2589,2304 Stuart Drive
290,Aile,Alcido,aalcido81@angelfire.com,Female,415-590-2471,5 Annamark Circle
291,Marne,Yurenev,myurenev82@wikimedia.org,Female,420-400-4220,75 Lillian Parkway
292,Kimberlyn,Oels,koels83@reuters.com,Female,881-500-6801,0 Hooker Terrace
293,Alfie,Golson,agolson84@who.int,Female,112-369-9611,9810 Hanover Crossing
294,Hannis,Milleton,hmilleton85@cocolog-nifty.com,Female,992-721-7274,949 Blackbird Park
295,Antonie,Rabbatts,arabbatts86@yelp.com,Female,287-869-9353,44596 Thompson Junction
296,Danny,Syer,dsyer87@bloomberg.com,Female,762-741-5089,188 Hansons Court
297,Lacey,Lambol,llambol88@google.com.au,Female,790-328-3349,7690 5th Circle
298,Morgan,Trembley,mtrembley89@disqus.com,Female,310-268-9415,467 Loomis Avenue
299,Kearney,Kopmann,kkopmann8a@sakura.ne.jp,Male,368-375-4425,9154 Iowa Place
300,Morry,Lanceter,mlanceter8b@freewebs.com,Male,981-636-6295,8 Anthes Road
